<?xml version="1.0" encoding="utf-8"?>
<unattend xmlns="urn:schemas-microsoft-com:unattend">
    <settings pass="specialize">
        <component name="Microsoft-Windows-Shell-Setup" processorArchitecture="amd64" publicKeyToken="31bf3856ad364e35" language="neutral" versionScope="nonSxS" xmlns:wcm="http://schemas.microsoft.com/WMIConfig/2002/State" xmlns:xsi="http://www.w3.org/2001/XMLSchema-instance">
            <BluetoothTaskbarIconEnabled>true</BluetoothTaskbarIconEnabled>
            <CopyProfile>true</CopyProfile>
            <DisableAutoDaylightTimeSet>true</DisableAutoDaylightTimeSet>
            <DoNotCleanTaskBar>true</DoNotCleanTaskBar>
            <RegisteredOrganization></RegisteredOrganization>
            <RegisteredOwner></RegisteredOwner>
            <ShowWindowsLive>false</ShowWindowsLive>
            <TimeZone>China Standard Time</TimeZone>
            <ComputerName>*</ComputerName>
        </component>
        <component name="Microsoft-Windows-Deployment" processorArchitecture="amd64" publicKeyToken="31bf3856ad364e35" language="neutral" versionScope="nonSxS" xmlns:wcm="http://schemas.microsoft.com/WMIConfig/2002/State" xmlns:xsi="http://www.w3.org/2001/XMLSchema-instance">
            <RunAsynchronous>
                <RunAsynchronousCommand wcm:action="add">
                    <Order>1</Order>
                    <Path>reg.exe add "HKLM\SOFTWARE\Policies\Microsoft\Windows\Windows Search" /v AllowCortana /t REG_DWORD /d 0 /f</Path>
                    <Description>关闭小娜。为了OOBE界面不出现</Description>
                </RunAsynchronousCommand>
                <RunAsynchronousCommand wcm:action="add">
                    <Path>reg.exe import %windir%\youhua\HKLM.reg</Path>
                    <Description>优化-导入HKLM</Description>
                    <Order>2</Order>
                </RunAsynchronousCommand>
                <RunAsynchronousCommand wcm:action="add">
                    <Path>reg.exe add &quot;HKLM\SOFTWARE\Microsoft\Windows Defender\Features&quot; /v TamperProtection /t REG_DWORD /d 00000005 /f</Path>
                    <Description>打开windows defender的防篡改保护功能。家庭版默认关闭了不知为什么 关闭=4 打开=5</Description>
                    <Order>3</Order>
                </RunAsynchronousCommand>
            </RunAsynchronous>
        </component>
    </settings>
    <settings pass="oobeSystem">
        <component name="Microsoft-Windows-Shell-Setup" processorArchitecture="amd64" publicKeyToken="31bf3856ad364e35" language="neutral" versionScope="nonSxS" xmlns:wcm="http://schemas.microsoft.com/WMIConfig/2002/State" xmlns:xsi="http://www.w3.org/2001/XMLSchema-instance">
            <OOBE>
                <HideEULAPage>true</HideEULAPage>
                <HideWirelessSetupInOOBE>true</HideWirelessSetupInOOBE>
                <ProtectYourPC>1</ProtectYourPC>
                <SkipMachineOOBE>false</SkipMachineOOBE>
                <SkipUserOOBE>false</SkipUserOOBE>
                <HideOnlineAccountScreens>true</HideOnlineAccountScreens>
                <NetworkLocation>Work</NetworkLocation>
            </OOBE>
            <FirstLogonCommands>
                <SynchronousCommand wcm:action="add">
                    <CommandLine>cmd.exe /c %windir%\youhua\oobe.bat</CommandLine>
                    <Description>优化-运行bat</Description>
                    <Order>2</Order>
                    <RequiresUserInput>false</RequiresUserInput>
                </SynchronousCommand>
                <SynchronousCommand wcm:action="add">
                    <CommandLine>reg.exe import %windir%\youhua\HKCU.reg</CommandLine>
                    <Description>优化-导入HKCU</Description>
                    <Order>1</Order>
                    <RequiresUserInput>false</RequiresUserInput>
                </SynchronousCommand>
            </FirstLogonCommands>
        </component>
        <component name="Microsoft-Windows-International-Core" processorArchitecture="amd64" publicKeyToken="31bf3856ad364e35" language="neutral" versionScope="nonSxS" xmlns:wcm="http://schemas.microsoft.com/WMIConfig/2002/State" xmlns:xsi="http://www.w3.org/2001/XMLSchema-instance">
            <InputLocale>0804:00000804</InputLocale>
            <SystemLocale>zh-CN</SystemLocale>
            <UILanguage>zh-CN</UILanguage>
            <UserLocale>zh-CN</UserLocale>
            <UILanguageFallback>zh-CN</UILanguageFallback>
        </component>
    </settings>
    <cpi:offlineImage cpi:source="wim:h:/%E5%8E%9F%E5%A7%8Bhome%20[69ccad0c].wim#Windows 10 Home" xmlns:cpi="urn:schemas-microsoft-com:cpi" />
</unattend>
